Time,Altitude,Velocity,Mass,Thrust,Phase
0.0,79755.20375,-489.5925,25000.0,0,Coasting
0.5,79515.29583749172,-479.81582501655464,25000.0,0,Coasting
1.0,79279.98601127774,-470.6196524279552,25000.0,0,Coasting
1.5,79049.00659756709,-461.95882742130635,25000.0,0,Coasting
2.0,78822.1102413273,-453.7927124795677,25000.0,0,Coasting
2.5,78599.0679247557,-446.08463314321943,25000.0,0,Coasting
3.0,78379.66722286934,-438.80140377272005,25000.0,0,Coasting
3.5,78163.71076281153,-431.9129201156043,25000.0,0,Coasting
4.0,77951.01485885221,-425.39180791863356,25000.0,0,Coasting
4.5,77741.40829946913,-419.2131187661712,25000.0,0,Coasting
5.0,77534.73126652875,-413.35406588074954,25000.0,0,Coasting
5.5,77330.83436959164,-407.79379387421557,25000.0,0,Coasting
6.0,77129.57778086566,-402.5131774519731,25000.0,0,Coasting
6.5,76930.8304584166,-397.494644898096,25000.0,0,Coasting
7.0,76734.46944699468,-392.72202284383286,25000.0,0,Coasting
7.5,76540.37924730658,-388.18039937620654,25000.0,0,Coasting
8.0,76348.45124580631,-383.85600300053943,25000.0,0,Coasting
8.5,76158.58319813163,-379.73609534936696,25000.0,0,Coasting
9.0,75970.6787602091,-375.80887584505695,25000.0,0,Coasting
9.5,75784.64706181598,-372.06339678626654,25000.0,0,Coasting
10.0,75600.40231804171,-368.4894875485433,25000.0,0,Coasting
10.5,75417.86347465447,-365.0776867744738,25000.0,0,Coasting
11.0,75236.95388386202,-361.81918158491203,25000.0,0,Coasting
11.5,75057.60100737456,-358.705752974942,25000.0,0,Coasting
12.0,74879.73614403937,-355.7297266703812,25000.0,0,Coasting
12.5,74703.29417963131,-352.8839288161159,25000.0,0,Coasting
13.0,74528.21335665676,-350.16164594909316,25000.0,0,Coasting
13.5,74354.43506226747,-347.55658877859923,25000.0,0,Coasting
14.0,74181.90363258927,-345.06285935639,25000.0,0,Coasting
14.5,74010.56617195386,-342.6749212708235,25000.0,0,Coasting
15.0,73840.37238568203,-340.38757254366067,25000.0,0,Coasting
15.5,73671.27442520867,-338.195920946703,25000.0,0,Coasting
16.0,73503.22674446426,-336.09536148882245,25000.0,0,Coasting
16.5,73336.18596653779,-334.08155585294645,25000.0,0,Coasting
17.0,73170.11075974387,-332.15041358782753,25000.0,0,Coasting
17.5,73004.96172230312,-330.29807488147543,25000.0,0,Coasting
18.0,72840.70127492191,-328.52089476241287,25000.0,0,Coasting
18.5,72677.293560626,-326.8154285918137,25000.0,0,Coasting
19.0,72514.70435126379,-325.1784187244176,25000.0,0,Coasting
19.5,72352.90096014921,-323.60678222916573,25000.0,0,Coasting
20.0,72191.85216036321,-322.09759957200197,25000.0,0,Coasting
20.5,72031.5281082765,-320.64810417343665,25000.0,0,Coasting
21.0,71871.90027189527,-319.255672762448,25000.0,0,Coasting
21.5,71712.94136366714,-317.91781645624906,25000.0,0,Coasting
22.0,71554.62527741588,-316.6321725025051,25000.0,0,Coasting
22.5,71396.92702910244,-315.39649662685616,25000.0,0,Coasting
23.0,71239.82270113536,-314.20865593418085,25000.0,0,Coasting
23.5,71083.28938997685,-313.066622317013,25000.0,0,Coasting
24.0,70927.30515681238,-311.9684663289628,25000.0,0,Coasting
24.5,70771.8489810699,-310.9123514849645,25000.0,0,Coasting
25.0,70616.90071659304,-309.8965289537275,25000.0,0,Coasting
25.5,70462.44105028757,-308.9193326109514,25000.0,0,Coasting
26.0,70308.45146307521,-307.97917442472766,25000.0,0,Coasting
26.5,70154.91419300165,-307.0745401471183,25000.0,0,Coasting
27.0,70001.81220035754,-306.20398528821624,25000.0,0,Coasting
27.5,69849.129134682,-305.36613135107507,25000.0,0,Coasting
28.0,69696.84930352811,-304.55966230777534,25000.0,0,Coasting
28.5,69544.95764287881,-303.7833212985925,25000.0,0,Coasting
29.0,69393.43968910993,-303.03590753776626,25000.0,0,Coasting
29.5,69242.28155240456,-302.31627341076046,25000.0,0,Coasting
30.0,69091.46989152998,-301.62332174916105,25000.0,0,Coasting
30.5,68940.99188989474,-300.95600327050244,25000.0,0,Coasting
31.0,68790.83523280906,-300.31331417134845,25000.0,0,Coasting
31.5,68640.9880858776,-299.694293862898,25000.0,0,Coasting
32.0,68491.43907445799,-299.09802283924165,25000.0,0,Coasting
32.5,68342.1772641234,-298.5236206691781,25000.0,0,Coasting
33.0,68193.1921420718,-297.9702441032102,25000.0,0,Coasting
33.5,68044.4735994278,-297.4370852879909,25000.0,0,Coasting
34.0,67896.01191438726,-296.9233700810832,25000.0,0,Coasting
34.5,67747.79773615753,-296.4283564594393,25000.0,0,Coasting
35.0,67599.82206964977,-295.9513330155031,25000.0,0,Coasting
35.5,67452.07626088212,-295.4916175352918,25000.0,0,Coasting
36.0,67304.55198305551,-295.0485556532324,25000.0,0,Coasting
36.5,67157.24122326606,-294.62151957890757,25000.0,0,Coasting
37.0,67010.13626982045,-294.20990689121976,25000.0,0,Coasting
37.5,66863.22970012255,-293.8131393958022,25000.0,0,Coasting
38.0,66716.51436910166,-293.43066204180315,25000.0,0,Coasting
38.5,66569.98339815444,-293.06194189444284,25000.0,0,Coasting
39.0,66423.63016457444,-292.70646715999266,25000.0,0,Coasting
39.5,66277.44829144441,-292.36374626005903,25000.0,0,Coasting
40.0,66131.43163796827,-292.033306952267,25000.0,0,Coasting
40.5,65985.57429022095,-291.71469549463654,25000.0,0,Coasting
41.0,65839.87055229538,-291.4074758511254,25000.0,0,Coasting
41.5,65694.3149378274,-291.1112289359825,25000.0,0,Coasting
42.0,65548.90216188005,-290.8255518947097,25000.0,0,Coasting
42.5,65403.62713317026,-290.5500574195744,25000.0,0,Coasting
43.0,65258.484946621385,-290.2843730977502,25000.0,0,Coasting
43.5,65113.470876226245,-290.028140790284,25000.0,0,Coasting
44.0,64968.580368206145,-289.78101604020503,25000.0,0,Coasting
44.5,64823.809034452046,-289.5426675081958,25000.0,0,Coasting
45.0,64679.15264623487,-289.3127764343454,25000.0,0,Coasting
45.5,64534.607128172574,-289.0910361245962,25000.0,0,Coasting
46.0,64390.16855244229,-288.87715146058116,25000.0,0,Coasting
46.5,64245.83313322647,-288.67083843162743,25000.0,0,Coasting
47.0,64101.59722138258,-288.47182368777726,25000.0,0,Coasting
47.5,63957.45729932621,-288.27984411274497,25000.0,0,Coasting
48.0,63813.40997611832,-288.0946464157928,25000.0,0,Coasting
48.5,63669.45198274753,-287.91598674156955,25000.0,0,Coasting
49.0,63525.58016759902,-287.74363029701055,25000.0,0,Coasting
49.5,63381.791492101795,-287.5773509944498,25000.0,0,Coasting
50.0,63238.08302654672,-287.41693111014445,25000.0,0,Coasting
50.5,63094.451946067995,-287.26216095745707,25000.0,0,Coasting
51.0,62950.895526781,-287.11283857398274,25000.0,0,Coasting
51.5,62807.41114207003,-286.9687694219496,25000.0,0,Coasting
52.0,62663.9962590194,-286.8297661012573,25000.0,0,Coasting
52.5,62520.64843498212,-286.69564807455305,25000.0,0,Coasting
53.0,62377.36531428023,-286.56624140377863,25000.0,0,Coasting
53.5,62234.144625031404,-286.44137849765093,25000.0,0,Coasting
54.0,62090.98417609662,-286.32089786956834,25000.0,0,Coasting
54.5,61947.88185414389,-286.20464390546215,25000.0,0,Coasting
55.0,61804.835620823316,-286.09246664113766,25000.0,0,Coasting
55.5,61661.84351004898,-285.984221548673,25000.0,0,Coasting
56.0,61518.903625383246,-285.8797693314665,25000.0,0,Coasting
56.5,61376.01413751947,-285.7789757275445,25000.0,0,Coasting
57.0,61233.17328185909,-285.68171132076156,25000.0,0,Coasting
57.5,61090.37935617932,-285.5878513595431,25000.0,0,Coasting
58.0,60947.6307183879,-285.49727558283826,25000.0,0,Coasting
58.5,60804.92578436142,-285.40986805296836,25000.0,0,Coasting
59.0,60662.26302586388,-285.3255169950701,25000.0,0,Coasting
59.5,60519.64096854246,-285.2441146428492,25000.0,0,Coasting
60.0,60377.058189997275,-285.1655570903732,25000.0,0,Coasting
60.5,60234.51331792245,-285.0897441496451,25000.0,0,Coasting
61.0,60092.005028315594,-285.01657921371236,25000.0,0,Coasting
61.5,59949.53204375305,-284.9459691250778,25000.0,0,Coasting
62.0,59807.093131728456,-284.8778240491892,25000.0,0,Coasting
62.5,59664.687103052056,-284.8120573527954,25000.0,0,Coasting
63.0,59522.31281030857,-284.7485854869666,25000.0,0,Coasting
63.5,59379.96914637127,-284.68732787458583,25000.0,0,Coasting
64.0,59237.65504297021,-284.62820680212803,25000.0,0,Coasting
64.5,59095.369469312434,-284.5711473155501,25000.0,0,Coasting
65.0,58953.111430752375,-284.51607712012515,25000.0,0,Coasting
65.5,58810.879967510344,-284.46292648406086,25000.0,0,Coasting
66.0,58668.67415343747,-284.41162814574847,25000.0,0,Coasting
66.5,58526.493094825215,-284.3621172244969,25000.0,0,Coasting
67.0,58384.33592925791,-284.3143311346125,25000.0,0,Coasting
67.5,58242.20182450656,-284.2682095026905,25000.0,0,Coasting
68.0,58100.089977462565,-284.22369408799125,25000.0,0,Coasting
68.5,57957.99961310968,-284.1807287057785,25000.0,0,Coasting
69.0,57815.92998353293,-284.139259153504,25000.0,0,Coasting
69.5,57673.880366963065,-284.09923313972547,25000.0,0,Coasting
70.0,57531.85006685524,-284.0606002156524,25000.0,0,Coasting
70.5,57389.83841100063,-284.0233117092162,25000.0,0,Coasting
71.0,57247.84475066984,-283.98732066156714,25000.0,0,Coasting
71.5,57105.86845978689,-283.9525817659043,25000.0,0,Coasting
72.0,56963.90893413262,-283.91905130854855,25000.0,0,Coasting
72.5,56821.96559057653,-283.88668711217184,25000.0,0,Coasting
73.0,56680.03786633598,-283.855448481101,25000.0,0,Coasting
73.5,56538.12521826167,-283.8252961486161,25000.0,0,Coasting
74.0,56396.227122148586,-283.79619222616776,25000.0,0,Coasting
74.5,56254.343072071366,-283.76810015444084,25000.0,0,Coasting
75.0,56112.47257974327,-283.74098465619363,25000.0,0,Coasting
75.5,55970.615173897866,-283.7148116908066,25000.0,0,Coasting
76.0,55828.77039969263,-283.68954841047565,25000.0,0,Coasting
76.5,55686.937818133636,-283.6651631179886,25000.0,0,Coasting
77.0,55545.117005520624,-283.6416252260248,25000.0,0,Coasting
77.5,55403.30755291166,-283.6189052179221,25000.0,0,Coasting
78.0,55261.50906560673,-283.59697460985507,25000.0,0,Coasting
78.5,55119.72116264955,-283.57580591437346,25000.0,0,Coasting
79.0,54977.943476346925,-283.5553726052493,25000.0,0,Coasting
79.5,54836.17565180513,-283.5356490835846,25000.0,0,Coasting
80.0,54694.417346482565,-283.516610645133,25000.0,0,Coasting
80.5,54552.66822975817,-283.49823344879115,25000.0,0,Coasting
81.0,54410.927982515066,-283.4804944862153,25000.0,0,Coasting
81.5,54269.1962967388,-283.4633715525237,25000.0,0,Coasting
82.0,54127.47287512978,-283.44684321804334,25000.0,0,Coasting
82.5,53985.757430729245,-283.43088880106404,25000.0,0,Coasting
83.0,53844.049686558465,-283.4154883415622,25000.0,0,Coasting
83.5,53702.34937527053,-283.4006225758592,25000.0,0,Coasting
84.0,53560.656238814445,-283.38627291218063,25000.0,0,Coasting
84.5,53418.9700281109,-283.3724214070834,25000.0,0,Coasting
85.0,53277.290502739546,-283.3590507427189,25000.0,0,Coasting
85.5,53135.617430637096,-283.34614420490277,25000.0,0,Coasting
86.0,52993.95058780612,-283.3336856619609,25000.0,0,Coasting
86.5,52852.289758033956,-283.321659544325,25000.0,0,Coasting
87.0,52710.63473262153,-283.31005082484927,25000.0,0,Coasting
87.5,52568.98531012162,-283.2988449998236,25000.0,0,Coasting
88.0,52427.34129608629,-283.28802807065676,25000.0,0,Coasting
88.5,52285.70250282319,-283.2775865262069,25000.0,0,Coasting
89.0,52144.06874916032,-283.267507325735,25000.0,0,Coasting
89.5,52002.439860219085,-283.2577778824597,25000.0,0,Coasting
90.0,51860.81566719524,-283.24838604769155,25000.0,0,Coasting
90.5,51719.196007147475,-283.23932009552595,25000.0,0,Coasting
91.0,51577.580722793435,-283.23056870807517,25000.0,0,Coasting
91.5,51435.969662312826,-283.2221209612198,25000.0,0,Coasting
92.0,51294.36267915739,-283.2139663108613,25000.0,0,Coasting
92.5,51152.759631867564,-283.2060945796576,25000.0,0,Coasting
93.0,51011.160383895454,-283.19849594422504,25000.0,0,Coasting
93.5,50869.56480343406,-283.19116092278944,25000.0,0,Coasting
94.0,50727.97276325243,-283.1840803632706,25000.0,0,Coasting
94.5,50586.38414053654,-283.17724543178514,25000.0,0,Coasting
95.0,50444.79881673576,-283.1706476015522,25000.0,0,Coasting
95.5,50303.21667741467,-283.16427864218844,25000.0,0,Coasting
96.0,50161.63761210998,-283.1581306093777,25000.0,0,Coasting
96.5,50020.06151419253,-283.15219583490307,25000.0,0,Coasting
97.0,49878.48828073402,-283.1464669170278,25000.0,0,Coasting
97.5,49736.917812378415,-283.1409367112126,25000.0,0,Coasting
98.0,49595.35001321784,-283.1355983211583,25000.0,0,Coasting
98.5,49453.784790672755,-283.13044509016163,25000.0,0,Coasting
99.0,49312.22205537637,-283.12547059277324,25000.0,0,Coasting
99.5,49170.66172106299,-283.1206686267475,25000.0,0,Coasting
100.0,49037.10370446036,-267.11603320527354,24997.5,800000,Boost-back Burn
100.5,48911.2793300873,-251.64874874611422,24995.0,800000,Boost-back Burn
101.0,48792.943836205675,-236.6709877632567,24992.5,800000,Boost-back Burn
101.5,48681.87416073582,-222.13935093971847,24990.0,800000,Boost-back Burn
102.0,48577.867009194626,-208.01430308237548,24987.5,800000,Boost-back Burn
102.5,48480.737164784536,-194.25968882017503,24985.0,800000,Boost-back Burn
103.0,48390.31600740437,-180.8423147603328,24982.5,800000,Boost-back Burn
103.5,48306.45021377732,-167.7315872540961,24980.0,800000,Boost-back Burn
104.0,48229.00061534566,-154.8991968633133,24977.5,800000,Boost-back Burn
104.5,48157.84119426003,-142.31884217127038,24975.0,800000,Boost-back Burn
105.0,48092.8582008452,-129.9659868296643,24972.5,800000,Boost-back Burn
105.5,48033.94937847408,-117.81764474224588,24970.0,800000,Boost-back Burn
106.0,47981.0232839221,-105.85218910395756,24967.5,800000,Boost-back Burn
106.5,47933.9986930818,-94.04918168059856,24965.0,800000,Boost-back Burn
107.0,47892.8040834528,-82.38921925800102,24962.5,800000,Boost-back Burn
107.5,47857.37718613542,-70.85379463475715,24960.0,800000,Boost-back Burn
108.0,47827.66460118689,-59.4251698970605,24957.5,800000,Boost-back Burn
108.5,47803.62147118054,-48.0862600126978,24955.0,800000,Boost-back Burn
109.0,47785.21120866799,-36.82052502509708,24952.5,800000,Boost-back Burn
109.5,47772.40527400467,-25.61186932665371,24950.0,800000,Boost-back Burn
110.0,47765.18300067943,-14.444546650463993,24947.5,800000,Boost-back Burn
110.5,47763.531465906075,-3.303069546709942,24945.0,800000,Boost-back Burn
111.0,47767.445404801765,7.827877791375208,24942.5,800000,Boost-back Burn
111.5,47776.92340522154,18.95600083955462,24940.0,800000,Boost-back Burn
112.0,47791.95712087762,30.06743131215933,24937.5,800000,Boost-back Burn
112.5,47812.53063072489,41.147019694540454,24935.0,800000,Boost-back Burn
113.0,47838.62050914027,52.1797568307729,24932.5,800000,Boost-back Burn
113.5,47870.195936773474,63.15085526639532,24930.0,800000,Boost-back Burn
114.0,47907.218850934245,74.04582832154601,24927.5,800000,Boost-back Burn
114.5,47949.64413393346,84.85056599843477,24925.0,800000,Boost-back Burn
115.0,47997.419837375906,95.55140688489104,24922.5,800000,Boost-back Burn
115.5,48050.48744002055,106.13520528928663,24920.0,800000,Boost-back Burn
116.0,48108.78213648524,116.58939292937472,24917.5,800000,Boost-back Burn
116.5,48172.23315378328,126.90203459607689,24915.0,800000,Boost-back Burn
117.0,48240.76409244342,137.06187732028096,24912.5,800000,Boost-back Burn
117.5,48314.29328878513,147.05839268341012,24910.0,800000,Boost-back Burn
118.0,48392.73419479911,156.88181202795954,24907.5,800000,Boost-back Burn
118.5,48475.995772018854,166.52315443949016,24905.0,800000,Boost-back Burn
119.0,48563.98289576085,175.97424748398495,24902.5,800000,Boost-back Burn
119.5,48656.5967661566,185.22774079150906,24900.0,800000,Boost-back Burn
120.0,48753.73532249489,194.27711267657733,24897.5,800000,Boost-back Burn
120.5,48855.293657532726,203.11667007567937,24895.0,800000,Boost-back Burn
121.0,48961.16442861353,211.741542161604,24892.5,800000,Boost-back Burn
121.5,49071.238262644285,220.1476680615089,24890.0,800000,Boost-back Burn
122.0,49185.404152224524,228.331779160478,24887.5,800000,Boost-back Burn
122.5,49303.54984048171,236.29137651437694,24885.0,800000,Boost-back Burn
123.0,49425.56219244436,244.0247039252948,24882.5,800000,Boost-back Burn
123.5,49551.32755106947,251.53071725021496,24880.0,800000,Boost-back Burn
124.0,49680.73207632924,258.8090505195327,24877.5,800000,Boost-back Burn
124.5,49813.66206604803,265.8599794375934,24875.0,800000,Boost-back Burn
125.0,49950.004257459885,272.68438282369726,24872.5,800000,Boost-back Burn
125.5,50089.646108725006,279.2837025302493,24870.0,800000,Boost-back Burn
126.0,50232.47605989812,285.65990234622836,24867.5,800000,Boost-back Burn
126.5,50378.38377307824,291.8154263602346,24865.0,800000,Boost-back Burn
127.0,50527.26035168791,297.75315721933816,24862.5,800000,Boost-back Burn
127.5,50678.99853902742,303.4763746790288,24860.0,800000,Boost-back Burn
128.0,50833.49289642587,308.98871479690393,24857.5,800000,Boost-back Burn
128.5,50990.63996146555,314.2941300793636,24855.0,800000,Boost-back Burn
129.0,51150.33838688926,319.3968508474248,24852.5,800000,Boost-back Burn
129.5,51312.48906091206,324.30134804560487,24850.0,800000,Boost-back Burn
130.0,51476.99520975072,329.0122976773131,24847.5,800000,Boost-back Burn
130.5,51643.76248325664,333.53454701185086,24845.0,800000,Boost-back Burn
131.0,51812.699024592825,337.873082672359,24842.5,800000,Boost-back Burn
131.5,51983.7155249334,342.0330006811498,24840.0,800000,Boost-back Burn
132.0,52156.72526418791,346.01947850900734,24837.5,800000,Boost-back Burn
132.5,52331.64413876207,349.8377491483196,24835.0,800000,Boost-back Burn
133.0,52508.39067736524,353.4930772063413,24832.5,800000,Boost-back Burn
133.5,52686.88604586245,356.99073699441186,24830.0,800000,Boost-back Burn
134.0,52867.054042148186,360.3359925714723,24827.5,800000,Boost-back Burn
134.5,53048.82108199098,363.5340796855835,24825.0,800000,Boost-back Burn
135.0,53232.116176763564,366.59018954516387,24822.5,800000,Boost-back Burn
135.5,53416.870903934636,369.5094543421384,24820.0,800000,Boost-back Burn
136.0,53603.019371155584,372.2969344419029,24817.5,800000,Boost-back Burn
136.5,53790.498174730456,374.95760714973625,24815.0,800000,Boost-back Burn
137.0,53979.246353210365,377.49635695981414,24812.5,800000,Boost-back Burn
137.5,54169.205336805906,379.9179671910753,24810.0,800000,Boost-back Burn
138.0,54360.31889326273,382.22711291364766,24807.5,800000,Boost-back Burn
138.5,54552.533070797814,384.42835507016684,24805.0,800000,Boost-back Burn
139.0,54745.79613864677,386.5261356979186,24802.5,800000,Boost-back Burn
139.5,54940.05852572685,388.5247741601443,24800.0,800000,Boost-back Burn
140.0,55135.2727578758,390.42846429790467,24797.5,800000,Boost-back Burn
140.5,55331.39339408453,392.24127241746436,24795.0,800000,Boost-back Burn
141.0,55528.376962100585,393.9671360321096,24792.5,800000,Boost-back Burn
141.5,55726.181893741355,395.60986328153757,24790.0,800000,Boost-back Burn
142.0,55924.76846021954,397.1731329563608,24787.5,800000,Boost-back Burn
142.5,56124.09870774942,398.6604950597696,24785.0,800000,Boost-back Burn
143.0,56324.13639367088,400.07537184292505,24782.5,800000,Boost-back Burn
143.5,56524.84692329846,401.42105925515204,24780.0,800000,Boost-back Burn
144.0,56726.19728767566,402.70072875441696,24777.5,800000,Boost-back Burn
144.5,56928.1560023896,403.91742942787624,24775.0,800000,Boost-back Burn
145.0,57130.69304757782,405.0740903764313,24772.5,800000,Boost-back Burn
145.5,57333.779809238426,406.1735233212033,24770.0,800000,Boost-back Burn
146.0,57537.38902193524,407.21842539363104,24767.5,800000,Boost-back Burn
146.5,57741.49471297248,408.21138207448377,24765.0,800000,Boost-back Burn
147.0,57946.072148097715,409.1548702504594,24762.5,800000,Boost-back Burn
147.5,58151.09777877782,410.0512613602097,24760.0,800000,Boost-back Burn
148.0,58356.549191080114,410.90282460459093,24757.5,800000,Boost-back Burn
148.5,58562.40505617946,411.7117301986867,24755.0,800000,Boost-back Burn
149.0,58768.645082502306,412.4800526456967,24752.5,800000,Boost-back Burn
149.5,58975.249969509874,413.20977401513,24750.0,800000,Boost-back Burn
150.0,59182.20136311482,413.9027872099026,24747.5,800000,Boost-back Burn
150.5,59389.48181271928,414.56089920890986,24745.0,800000,Boost-back Burn
151.0,59597.074729856,415.18583427345305,24742.5,800000,Boost-back Burn
151.5,59804.96434840977,415.77923710753686,24740.0,800000,Boost-back Burn
152.0,60013.13568639154,416.3426759635436,24737.5,800000,Boost-back Burn
152.5,60221.57450923461,416.8776456861362,24735.0,800000,Boost-back Burn
153.0,60430.267294578836,417.38557068845074,24732.5,800000,Boost-back Burn
153.5,60639.2011985067,417.86780785573154,24730.0,800000,Boost-back Burn
154.0,60848.36402319297,418.325649372531,24727.5,800000,Boost-back Burn
154.5,61057.744185928204,418.7603254704679,24725.0,800000,Boost-back Burn
155.0,61267.330689475355,419.173007094307,24722.5,800000,Boost-back Burn
155.5,61477.11309371776,419.5648084848069,24720.0,800000,Boost-back Burn
156.0,61687.08148855645,419.93678967738157,24717.5,800000,Boost-back Burn
156.5,61897.22646801452,420.28995891615125,24715.0,800000,Boost-back Burn
157.0,62107.53910550623,420.6252749834165,24712.5,800000,Boost-back Burn
157.5,62318.010930228724,420.94364944498847,24710.0,800000,Boost-back Burn
158.0,62528.6339046348,421.2459488121536,24707.5,800000,Boost-back Burn
158.5,62739.40040294547,421.5329966213437,24705.0,800000,Boost-back Burn
159.0,62950.30319066189,421.8055754328344,24702.5,800000,Boost-back Burn
159.5,63161.335405036894,422.06442875000243,24700.0,800000,Boost-back Burn
160.0,63372.49053646732,422.3102628608485,24697.5,800000,Boost-back Burn
160.5,63583.76241076914,422.5437486036333,24695.0,800000,Boost-back Burn
161.0,63795.145172298435,422.7655230585881,24692.5,800000,Boost-back Burn
161.5,64006.63326788231,422.97619116775195,24690.0,800000,Boost-back Burn
162.0,64218.221431524835,423.1763272850513,24687.5,800000,Boost-back Burn
162.5,64429.90466985423,423.366476658787,24685.0,800000,Boost-back Burn
163.0,64641.67824827859,423.5471568487236,24682.5,800000,Boost-back Burn
163.5,64853.53767781859,423.71885907998916,24680.0,800000,Boost-back Burn
164.0,65065.47870258659,423.88204953599814,24677.5,800000,Boost-back Burn
164.5,65277.497287882885,424.03717059259947,24675.0,800000,Boost-back Burn
165.0,65489.5896088807,424.18464199563306,24672.5,800000,Boost-back Burn
165.5,65701.75203987272,424.32486198405235,24670.0,800000,Boost-back Burn
166.0,65913.98114405309,424.4582083607352,24667.5,800000,Boost-back Burn
166.5,66126.27366380962,424.58503951306693,24665.0,800000,Boost-back Burn
167.0,66338.6265115023,424.7056953853337,24662.5,800000,Boost-back Burn
167.5,66551.03676070475,424.82049840491777,24660.0,800000,Boost-back Burn
168.0,66763.50163788687,424.929754364233,24657.5,800000,Boost-back Burn
168.5,66976.01851451701,425.03375326028606,24655.0,800000,Boost-back Burn
169.0,67188.58489956385,425.1327700936924,24652.5,800000,Boost-back Burn
169.5,67401.19843237831,425.22706562892046,24650.0,800000,Boost-back Burn
170.0,67613.85687593705,425.31688711747813,24647.5,800000,Boost-back Burn
170.5,67826.5581104299,425.4024689856978,24645.0,800000,Boost-back Burn
171.0,68039.30012717427,425.48403348871915,24642.5,800000,Boost-back Burn
171.5,68252.08102284037,425.561791332209,24640.0,800000,Boost-back Burn
172.0,68464.89899397202,425.6359422633017,24637.5,800000,Boost-back Burn
172.5,68677.75233178811,425.7066756321854,24635.0,800000,Boost-back Burn
173.0,68890.63941725096,425.7741709257051,24632.5,800000,Boost-back Burn
173.5,69103.55871638811,425.83859827429677,24630.0,800000,Boost-back Burn
174.0,69316.50877585488,425.9001189335149,24627.5,800000,Boost-back Burn
174.5,69529.48821872556,425.9588857413624,24625.0,800000,Boost-back Burn
175.0,69742.49574050185,426.0150435525818,24622.5,800000,Boost-back Burn
175.5,69955.53010532736,426.06872965101525,24620.0,800000,Boost-back Burn
176.0,70168.59014239791,426.12007414109564,24617.5,800000,Boost-back Burn
176.5,70381.67474255765,426.16920031948166,24615.0,800000,Boost-back Burn
177.0,70594.78285507155,426.2162250278069,24612.5,800000,Boost-back Burn
177.5,70807.91348456529,426.2612589874682,24610.0,800000,Boost-back Burn
178.0,71021.06568812396,426.3044071173373,24607.5,800000,Boost-back Burn
178.5,71234.23857254158,426.3457688352389,24605.0,800000,Boost-back Burn
179.0,71447.43129171358,426.385438344,24602.5,800000,Boost-back Burn
179.5,71660.643044165,426.42350490283746,24600.0,800000,Boost-back Burn
180.0,71873.87307070741,426.4600530848149,24597.5,800000,Boost-back Burn
180.5,72087.12065221794,426.49516302106593,24595.0,800000,Boost-back Burn
181.0,72300.38510753417,426.52891063244795,24592.5,800000,Boost-back Burn
181.5,72513.6657914588,426.5613678492571,24590.0,800000,Boost-back Burn
182.0,72726.9620928686,426.5926028196083,24587.5,800000,Boost-back Burn
182.5,72940.27343292213,426.6226801070511,24585.0,800000,Boost-back Burn
183.0,73153.59926336112,426.6516608779678,24582.5,800000,Boost-back Burn
183.5,73366.93906490075,426.67960307927143,24580.0,800000,Boost-back Burn
184.0,73580.2923457042,426.7065616068976,24577.5,800000,Boost-back Burn
184.5,73793.65863993698,426.73258846555814,24575.0,800000,Boost-back Burn
185.0,74007.03750639709,426.757732920203,24572.5,800000,Boost-back Burn
185.5,74220.42852721689,426.7820416396145,24570.0,800000,Boost-back Burn
186.0,74433.83130663316,426.80555883253544,24567.5,800000,Boost-back Burn
186.5,74647.24546982152,426.82832637671567,24565.0,800000,Boost-back Burn
187.0,74860.67066179213,426.85038394123853,24562.5,800000,Boost-back Burn
187.5,75074.10654634336,426.87176910247473,24560.0,800000,Boost-back Burn
188.0,75287.55280507036,426.89251745398997,24557.5,800000,Boost-back Burn
188.5,75501.00913642572,426.912662710719,24555.0,800000,Boost-back Burn
189.0,75714.47525482958,426.9322368077015,24552.5,800000,Boost-back Burn
189.5,75927.95088982642,426.9512699936605,24550.0,800000,Boost-back Burn
190.0,76141.43578528626,426.9697909196906,24547.5,800000,Boost-back Burn
190.5,76354.92969864792,426.9878267233083,24545.0,800000,Boost-back Burn
191.0,76568.43240020197,427.00540310810555,24542.5,800000,Boost-back Burn
191.5,76781.9436724116,427.02254441923384,24540.0,800000,Boost-back Burn
192.0,76995.46330926906,427.0392737149353,24537.5,800000,Boost-back Burn
192.5,77208.99111568622,427.05561283432655,24535.0,800000,Boost-back Burn
193.0,77422.52690691703,427.07158246162965,24532.5,800000,Boost-back Burn
193.5,77636.07050801055,427.087202187035,24530.0,800000,Boost-back Burn
194.0,77849.62175329274,427.10249056437203,24527.5,800000,Boost-back Burn
194.5,78063.18048587562,427.1174651657529,24525.0,800000,Boost-back Burn
195.0,78276.7465571923,427.1321426333481,24522.5,800000,Boost-back Burn
195.5,78490.31982655652,427.1465387284429,24520.0,800000,Boost-back Burn
196.0,78703.90016074547,427.16066837791686,24517.5,800000,Boost-back Burn
196.5,78917.4874336046,427.1745457182804,24515.0,800000,Boost-back Burn
197.0,79131.0815256733,427.18818413739706,24512.5,800000,Boost-back Burn
197.5,79344.6823238303,427.2015963140114,24510.0,800000,Boost-back Burn
198.0,79558.28972095791,427.2147942551977,24507.5,800000,Boost-back Burn
198.5,79771.90361562383,427.2277893318387,24505.0,800000,Boost-back Burn
199.0,79985.52391177995,427.2405923122367,24502.5,800000,Boost-back Burn
199.5,80199.15051847693,427.2532133939551,24500.0,800000,Boost-back Burn
200.0,80404.6200842878,410.9391316217388,24500.0,0,Re-entry
200.5,80602.35993228936,395.479696003112,24500.0,0,Re-entry
201.0,80792.75964935495,380.79943413119236,24500.0,0,Re-entry
201.5,80976.17535988822,366.8314210665276,24500.0,0,Re-entry
202.0,81152.93340506268,353.5160903489221,24500.0,0,Re-entry
202.5,81323.3335244204,340.8002387154479,24500.0,0,Re-entry
203.0,81487.65161869349,328.63618854616624,24500.0,0,Re-entry
203.5,81646.14215845338,316.98107951978176,24500.0,0,Re-entry
204.0,81799.0402918141,305.7962667214364,24500.0,0,Re-entry
204.5,81946.56369527668,295.0468069251384,24500.0,0,Re-entry
205.0,82088.9142044181,284.7010182828434,24500.0,0,Re-entry
205.5,82226.27925512793,274.7301014196379,24500.0,0,Re-entry
206.0,82358.83316119318,265.1078121305101,24500.0,0,Re-entry
206.5,82486.73825000679,255.810177627221,24500.0,0,Re-entry
207.0,82610.14587485234,246.8152496911166,24500.0,0,Re-entry
207.5,82729.19731946415,238.1028892236111,24500.0,0,Re-entry
208.0,82844.02460826794,229.65457760757164,24500.0,0,Re-entry
208.5,82954.75123378997,221.45325104406464,24500.0,0,Re-entry
209.0,83061.49281111207,213.48315464419053,24500.0,0,Re-entry
209.5,83164.35766789301,205.72971356188833,24500.0,0,Re-entry
210.0,83263.44737732889,198.1794188717473,24500.0,0,Re-entry
210.5,83358.85724045025,190.81972624272584,24500.0,0,Re-entry
211.0,83450.67672332401,183.63896574751652,24500.0,0,Re-entry
211.5,83538.98985401836,176.62626138871542,24500.0,0,Re-entry
212.0,83623.87558358109,169.77145912545575,24500.0,0,Re-entry
212.5,83705.4081147584,163.0650623546066,24500.0,0,Re-entry
213.0,83783.65720173068,156.4981739445621,24500.0,0,Re-entry
213.5,83858.68842375146,150.0624440415632,24500.0,0,Re-entry
214.0,83930.5634352375,143.75002297208025,24500.0,0,Re-entry
214.5,83999.34019456404,137.55351865305065,24500.0,0,Re-entry
215.0,84065.07317356263,131.46595799718594,24500.0,0,Re-entry
215.5,84127.81354949521,125.48075186517858,24500.0,0,Re-entry
216.0,84187.60938108129,119.59166317213791,24500.0,0,Re-entry
216.5,84244.50576998298,113.79277780337053,24500.0,0,Re-entry
217.0,84298.54500900091,108.07847803585757,24500.0,0,Re-entry
217.5,84349.76671809964,102.44341819744837,24500.0,0,Re-entry
218.0,84398.20796926299,96.88250232669978,24500.0,0,Re-entry
218.5,84443.90340107455,91.39086362313209,24500.0,0,Re-entry
219.0,84486.88532382506,85.96384550102071,24500.0,0,Re-entry
219.5,84527.18381586515,80.59698408018801,24500.0,0,Re-entry
220.0,84564.82681184766,75.28599196501163,24500.0,0,Re-entry
220.5,84599.84018343684,70.02674317837689,24500.0,0,Re-entry
221.0,84632.24781300228,64.81525913086624,24500.0,0,Re-entry
221.5,84662.07166076095,59.647695517353654,24500.0,0,Re-entry
222.0,84689.33182578273,54.52033004357047,24500.0,0,Re-entry
222.5,84714.04660122989,49.429550894316726,24500.0,0,Re-entry
223.0,84736.23252416137,44.37184586296586,24500.0,0,Re-entry
223.5,84755.90442019582,39.343792068885435,24500.0,0,Re-entry
224.0,84773.07544329356,34.34204619548795,24500.0,0,Re-entry
224.5,84787.75711088703,29.36333518693214,24500.0,0,Re-entry
225.0,84799.95933456009,24.40444734610088,24500.0,0,Re-entry
225.5,84809.69044645032,19.46222378045909,24500.0,0,Re-entry
226.0,84816.95722152322,14.53355014580405,24500.0,0,Re-entry
226.5,84821.76489584362,9.615348640814013,24500.0,0,Re-entry
227.0,84824.11718094748,4.704570207721237,24500.0,0,Re-entry
227.5,84824.01627439569,-0.20181310358122406,24500.0,0,Re-entry
228.0,84821.46286911667,-5.106810558048176,24500.0,0,Re-entry
228.5,84816.45777882247,-10.01018058841844,24500.0,0,Re-entry
229.0,84809.00331989437,-14.908917856205143,24500.0,0,Re-entry
229.5,84799.10330708601,-19.800025616727453,24500.0,0,Re-entry
230.0,84786.76304555935,-24.680523053326013,24500.0,0,Re-entry
230.5,84771.9893192895,-29.547452539689402,24500.0,0,Re-entry
231.0,84754.79037589314,-34.397886792715326,24500.0,0,Re-entry
231.5,84735.17590795353,-39.22893587922755,24500.0,0,Re-entry
232.0,84713.15703093298,-44.037754041089016,24500.0,0,Re-entry
232.5,84688.7462577806,-48.82154630477755,24500.0,0,Re-entry
233.0,84661.95747035895,-53.5775748433032,24500.0,0,Re-entry
233.5,84632.80588782874,-58.30316506042259,24500.0,0,Re-entry
234.0,84601.30803214404,-62.995711369418665,24500.0,0,Re-entry
234.5,84567.48169082342,-67.65268264123497,24500.0,0,Re-entry
235.0,84531.34587717369,-72.27162729945024,24500.0,0,Re-entry
235.5,84492.92078815248,-76.85017804241834,24500.0,0,Re-entry
236.0,84452.22776006456,-81.38605617584638,24500.0,0,Re-entry
236.5,84409.2892222935,-85.87707554210525,24500.0,0,Re-entry
237.0,84364.12864927569,-90.32114603562621,24500.0,0,Re-entry
237.5,84316.7705109273,-94.71627669680191,24500.0,0,Re-entry
238.0,84267.24022173737,-99.06057837984534,24500.0,0,Re-entry
238.5,84215.56408874085,-103.352265993036,24500.0,0,Re-entry
239.0,84161.76925858452,-107.58966031266755,24500.0,0,Re-entry
239.5,84105.88366389713,-111.77118937478035,24500.0,0,Re-entry
240.0,84047.93596917143,-115.89538945138953,24500.0,0,Re-entry
240.5,83987.95551636124,-119.96090562038395,24500.0,0,Re-entry
241.0,83925.97227039096,-123.96649194055504,24500.0,0,Re-entry
241.5,83862.01676476831,-127.91101124530206,24500.0,0,Re-entry
242.0,83796.1200474831,-131.7934345704398,24500.0,0,Re-entry
242.5,83728.3136273665,-135.61284023319777,24500.0,0,Re-entry
243.0,83658.62942107602,-139.3684125809406,24500.0,0,Re-entry
243.5,83587.09970086135,-143.0594404293574,24500.0,0,Re-entry
244.0,83513.75704325592,-146.68531521085987,24500.0,0,Re-entry
244.5,83438.63427882857,-150.24552885470302,24500.0,0,Re-entry
245.0,83361.76444311813,-153.73967142090117,24500.0,0,Re-entry
245.5,83283.18072886295,-157.16742851036327,24500.0,0,Re-entry
246.0,83202.91643962603,-160.52857847382825,24500.0,0,Re-entry
246.5,83121.00494490495,-163.82298944215148,24500.0,0,Re-entry
247.0,83037.47963680481,-167.05061620029127,24500.0,0,Re-entry
247.5,82952.37388834132,-170.2114969269852,24500.0,0,Re-entry
248.0,82865.72101343052,-173.30574982160238,24500.0,0,Re-entry
248.5,82777.55422861101,-176.33356963902563,24500.0,0,Re-entry
249.0,82687.90661653467,-179.29522415267306,24500.0,0,Re-entry
249.5,82596.81109125221,-182.19105056492572,24500.0,0,Re-entry
250.0,82504.30036531056,-185.02145188330377,24500.0,0,Re-entry
250.5,82410.40691867069,-187.78689327974092,24500.0,0,Re-entry
251.0,82315.16296944606,-190.48789844926236,24500.0,0,Re-entry
251.5,82218.60044645441,-193.12504598328633,24500.0,0,Re-entry
252.0,82120.75096356859,-195.69896577165844,24500.0,0,Re-entry
252.5,82021.64579584538,-198.21033544640238,24500.0,0,Re-entry
253.0,81921.31585740586,-200.65987687904143,24500.0,0,Re-entry
253.5,81819.79168103475,-203.04835274222194,24500.0,0,Re-entry
254.0,81717.10339946212,-205.37656314526382,24500.0,0,Re-entry
254.5,81613.28072828603,-207.64534235217877,24500.0,0,Re-entry
255.0,81508.35295049121,-209.85555558964418,24500.0,0,Re-entry
255.5,81402.34890251551,-212.0080959514043,24500.0,0,Re-entry
256.0,81295.29696181322,-214.10388140459557,24500.0,0,Re-entry
256.5,81187.22503586193,-216.1438519025635,24500.0,0,Re-entry
257.0,81078.16055255801,-218.12896660785867,24500.0,0,Re-entry
257.5,80968.13045194387,-220.06020122827042,24500.0,0,Re-entry
258.0,80857.16117920988,-221.93854546798124,24500.0,0,Re-entry
258.5,80745.27867891228,-223.76500059520353,24500.0,0,Re-entry
259.0,80632.50839034878,-225.54057712699282,24500.0,0,Re-entry
259.5,80518.87524403313,-227.26629263131926,24500.0,0,Re-entry
260.0,80404.40365921018,-228.94316964592022,24500.0,0,Re-entry
260.5,80289.1175423537,-230.57223371295018,24500.0,0,Re-entry
261.0,80173.0402865897,-232.15451152798897,24500.0,0,Re-entry
261.5,80056.19477198893,-233.69102920156402,24500.0,0,Re-entry
262.0,79938.60336667344,-235.18281063098362,24500.0,0,Re-entry
262.5,79820.28792868346,-236.63087597996557,24500.0,0,Re-entry
263.0,79701.26980855182,-238.0362402632752,24500.0,0,Re-entry
263.5,79581.56985253515,-239.39991203335796,24500.0,0,Re-entry
264.0,79461.20840645226,-240.72289216575925,24500.0,0,Re-entry
264.5,79340.20532008228,-242.00617273996878,24500.0,0,Re-entry
265.0,79218.57995207618,-243.2507360122033,24500.0,0,Re-entry
265.5,79096.3511753379,-244.45755347654838,24500.0,0,Re-entry
266.0,78973.5373828325,-245.62758501081467,24500.0,0,Re-entry
266.5,78850.15649378079,-246.76177810342435,24500.0,0,Re-entry
267.0,78726.22596020198,-247.86106715762662,24500.0,0,Re-entry
267.5,78601.7627737673,-248.92637286934428,24500.0,0,Re-entry
268.0,78476.78347292982,-249.95860167497628,24500.0,0,Re-entry
268.5,78351.30415029706,-250.95864526551944,24500.0,0,Re-entry
269.0,78225.34046021535,-251.9273801634254,24500.0,0,Re-entry
269.5,78098.907626536,-252.86566735867495,24500.0,0,Re-entry
270.0,77972.0204505357,-253.7743520006282,24500.0,0,Re-entry
270.5,77844.69331896455,-254.65426314229452,24500.0,0,Re-entry
271.0,77716.94021219767,-255.50621353376047,24500.0,0,Re-entry
271.5,77588.77471246687,-256.330999461613,24500.0,0,Re-entry
272.0,77460.21001215122,-257.1294006313011,24500.0,0,Re-entry
272.5,77331.25892210647,-257.90218008948784,24500.0,0,Re-entry
273.0,77201.9338800147,-258.6500841835559,24500.0,0,Re-entry
273.5,77072.24695873693,-259.3738425555459,24500.0,0,Re-entry
274.0,76942.20987465297,-260.0741681679191,24500.0,0,Re-entry
274.5,76811.83399597363,-260.7517573586544,24500.0,0,Re-entry
275.0,76681.13035101198,-261.40728992330276,24500.0,0,Re-entry
275.5,76550.1096364011,-262.0414292217374,24500.0,0,Re-entry
276.0,76418.78222524737,-262.65482230745175,24500.0,0,Re-entry
276.5,76287.1581752087,-263.2481000773668,24500.0,0,Re-entry
277.0,76155.24723648858,-263.82187744022036,24500.0,0,Re-entry
277.5,76023.05885973772,-264.3767535017152,24500.0,0,Re-entry
278.0,75890.60220385536,-264.9133117647085,24500.0,0,Re-entry
278.5,75757.88614368395,-265.4321203428244,24500.0,0,Re-entry
279.0,75624.91927759096,-265.93373218596895,24500.0,0,Re-entry
279.5,75491.7099349328,-266.41868531632156,24500.0,0,Re-entry
280.0,75358.26618339607,-266.88750307346675,24500.0,0,Re-entry
280.5,75224.59583621236,-267.34069436741737,24500.0,0,Re-entry
281.0,75090.70645924319,-267.77875393836405,24500.0,0,Re-entry
281.5,74956.60537793215,-268.2021626220651,24500.0,0,Re-entry
282.0,74822.29968412222,-268.611387619868,24500.0,0,Re-entry
282.5,74687.796242736,-269.0068827724261,24500.0,0,Re-entry
283.0,74553.10169831789,-269.3890888362425,24500.0,0,Re-entry
283.5,74418.22248143677,-269.75843376224117,24500.0,0,Re-entry
284.0,74283.16481494895,-270.11533297562505,24500.0,0,Re-entry
284.5,74147.93472012077,-270.46018965634175,24500.0,0,Re-entry
285.0,74012.538022611,-270.79339501953274,24500.0,0,Re-entry
285.5,73876.9803583133,-271.11532859539494,24500.0,0,Re-entry
286.0,73741.26717905933,-271.4263585079331,24500.0,0,Re-entry
286.5,73605.40375818327,-271.7268417521283,24500.0,0,Re-entry
287.0,73469.39519594872,-272.01712446909164,24500.0,0,Re-entry
287.5,73333.24642483931,-272.29754221881456,24500.0,0,Re-entry
288.0,73196.96221471422,-272.56842025016414,24500.0,0,Re-entry
288.5,73060.54717783032,-272.8300737678098,24500.0,0,Re-entry
289.0,72924.00577373242,-273.0828081958005,24500.0,0,Re-entry
289.5,72787.34231401366,-273.326919437544,24500.0,0,Re-entry
290.0,72650.56096694767,-273.5626941319679,24500.0,0,Re-entry
290.5,72513.66576199484,-273.7904099056716,24500.0,0,Re-entry
291.0,72376.66059418439,-274.01033562090186,24500.0,0,Re-entry
291.5,72239.54922837479,-274.2227316192094,24500.0,0,Re-entry
292.0,72102.33530339446,-274.4278499606656,24500.0,0,Re-entry
292.5,71965.02233606519,-274.6259346585385,24500.0,0,Re-entry
293.0,71827.61372511051,-274.81722190934624,24500.0,0,Re-entry
293.5,71690.1127549514,-275.0019403182231,24500.0,0,Re-entry
294.0,71552.52259939162,-275.1803111195489,24500.0,0,Re-entry
294.5,71414.84632519522,-275.35254839280816,24500.0,0,Re-entry
295.0,71277.08689555839,-275.5188592736573,24500.0,0,Re-entry
295.5,71139.24717347829,-275.6794441601912,24500.0,0,Re-entry
296.0,71001.32992502108,-275.8344969144117,24500.0,0,Re-entry
296.5,70863.33782249162,-275.98420505891005,24500.0,0,Re-entry
297.0,70725.27344750724,-276.12874996878514,24500.0,0,Re-entry
297.5,70587.13929397782,-276.2683070588274,24500.0,0,Re-entry
298.0,70448.93777099482,-276.4030459660055,24500.0,0,Re-entry
298.5,70310.67120563117,-276.53313072730015,24500.0,0,Re-entry
299.0,70172.3418456547,-276.65871995293503,24500.0,0,Re-entry
299.5,70033.95186215716,-276.77996699506025,24500.0,0,Re-entry
300.0,69895.5033521012,-276.89702011194856,24500.0,0,Re-entry
300.5,69756.99834078731,-277.01002262776876,24500.0,0,Re-entry
301.0,69618.4387842433,-277.1191130880039,24500.0,0,Re-entry
301.5,69479.82657153801,-277.2244254105863,24500.0,0,Re-entry
302.0,69341.1635270216,-277.326089032822,24500.0,0,Re-entry
302.5,69202.45141249451,-277.4242290541819,24500.0,0,Re-entry
303.0,69063.691929307,-277.51896637503773,24500.0,0,Re-entry
303.5,68924.88672039128,-277.6104178314209,24500.0,0,Re-entry
304.0,68786.03737222834,-277.6986963258874,24500.0,0,Re-entry
304.5,68647.14541675105,-277.7839109545688,24500.0,0,Re-entry
305.0,68508.2123331858,-277.8661671304928,24500.0,0,Re-entry
305.5,68369.23954983418,-277.94556670325585,24500.0,0,Re-entry
306.0,68230.22844579662,-278.02220807513123,24500.0,0,Re-entry
306.5,68091.18035263977,-278.0961863136955,24500.0,0,Re-entry
307.0,67952.09655600924,-278.16759326105665,24500.0,0,Re-entry
307.5,67812.97829718936,-278.23651763976613,24500.0,0,Re-entry
308.0,67673.8267746116,-278.30304515549716,24500.0,0,Re-entry
308.5,67534.64314531331,-278.36725859657076,24500.0,0,Re-entry
309.0,67395.4285263481,-278.4292379304101,24500.0,0,Re-entry
309.5,67256.1839961496,-278.4890603970033,24500.0,0,Re-entry
310.0,67116.91059584987,-278.5468005994529,24500.0,0,Re-entry
310.5,66977.60933055403,-278.60253059169094,24500.0,0,Re-entry
311.0,66838.28117057231,-278.65631996343507,24500.0,0,Re-entry
311.5,66698.92705261108,-278.7082359224623,24500.0,0,Re-entry
312.0,66559.54788092394,-278.7583433742741,24500.0,0,Re-entry
312.5,66420.14452842432,-278.806704999226,24500.0,0,Re-entry
313.0,66280.71783776073,-278.8533813271931,24500.0,0,Re-entry
313.5,66141.26862235581,-278.8984308098426,24500.0,0,Re-entry
314.0,66001.79766741052,-278.9419098905805,24500.0,0,Re-entry
314.5,65862.30573087439,-278.9838730722427,24500.0,0,Re-entry
315.0,65722.7935443831,-279.0243729825934,24500.0,0,Re-entry
315.5,65583.26181416425,-279.0634604376978,24500.0,0,Re-entry
316.0,65443.71122191263,-279.1011845032314,24500.0,0,Re-entry
316.5,65304.142425635735,-279.1375925537873,24500.0,0,Re-entry
317.0,65164.55606047061,-279.172730330242,24500.0,0,Re-entry
317.5,65024.95273947299,-279.2066419952394,24500.0,0,Re-entry
318.0,64885.33305437957,-279.2393701868483,24500.0,0,Re-entry
318.5,64745.69757634434,-279.2709560704516,24500.0,0,Re-entry
319.0,64606.04685664988,-279.3014393889201,24500.0,0,Re-entry
319.5,64466.38142739432,-279.3308585111249,24500.0,0,Re-entry
320.0,64326.7018021549,-279.3592504788398,24500.0,0,Re-entry
320.5,64187.00847662886,-279.3866510520836,24500.0,0,Re-entry
321.0,64047.30192925238,-279.4130947529524,24500.0,0,Re-entry
321.5,63907.582621798385,-279.4386149079885,24500.0,0,Re-entry
322.0,63767.85099995382,-279.4632436891325,24500.0,0,Re-entry
322.5,63628.10749387717,-279.4870121533043,24500.0,0,Re-entry
323.0,63488.35251873684,-279.50995028065546,24500.0,0,Re-entry
323.5,63348.58647523107,-279.53208701153704,24500.0,0,Re-entry
324.0,63208.80975008996,-279.55345028222297,24500.0,0,Re-entry
324.5,63069.02271656025,-279.5740670594295,24500.0,0,Re-entry
325.0,62929.22573487341,-279.59396337367014,24500.0,0,Re-entry
325.5,62789.41915269767,-279.6131643514828,24500.0,0,Re-entry
326.0,62649.60330557439,-279.63169424656724,24500.0,0,Re-entry
326.5,62509.77851733946,-279.6495764698669,24500.0,0,Re-entry
327.0,62369.945100530145,-279.6668336186309,24500.0,0,Re-entry
327.5,62230.1033567779,-279.683487504489,24500.0,0,Re-entry
328.0,62090.253577187614,-279.6995591805719,24500.0,0,Re-entry
328.5,61950.39604270376,-279.715068967709,24500.0,0,Re-entry
329.0,61810.5310244639,-279.73003647973337,24500.0,0,Re-entry
329.5,61670.65878413994,-279.7444806479238,24500.0,0,Re-entry
330.0,61530.77957426763,-279.75841974461275,24500.0,0,Re-entry
330.5,61390.89363856464,-279.77187140598755,24500.0,0,Re-entry
331.0,61251.001212237585,-279.784852654112,24500.0,0,Re-entry
331.5,61111.10252227849,-279.7973799181943,24500.0,0,Re-entry
332.0,60971.19778775093,-279.8094690551264,24500.0,0,Re-entry
332.5,60831.28722006627,-279.8211353693194,24500.0,0,Re-entry
333.0,60691.371023250336,-279.83239363185845,24500.0,0,Re-entry
333.5,60551.449394200834,-279.84325809899997,24500.0,0,Re-entry
334.0,60411.52252293582,-279.8537425300335,24500.0,0,Re-entry
334.5,60271.590592833556,-279.8638602045294,24500.0,0,Re-entry
335.0,60131.65378086406,-279.8736239389931,24500.0,0,Re-entry
335.5,59991.712257812585,-279.88304610294654,24500.0,0,Re-entry
336.0,59851.766188495356,-279.892138634455,24500.0,0,Re-entry
336.5,59711.8157319678,-279.9009130551195,24500.0,0,Re-entry
337.0,59571.861041725526,-279.9093804845514,24500.0,0,Re-entry
337.5,59431.90226589835,-279.91755165434853,24500.0,0,Re-entry
338.0,59291.939547437556,-279.92543692158824,24500.0,0,Re-entry
338.5,59151.973024296625,-279.9330462818544,24500.0,0,Re-entry
339.0,59012.00282960572,-279.94038938181444,24500.0,0,Re-entry
339.5,58872.02909184004,-279.9474755313618,24500.0,0,Re-entry
340.0,58732.05193498237,-279.9543137153379,24500.0,0,Re-entry
340.5,58592.07147867995,-279.9609126048488,24500.0,0,Re-entry
341.0,58452.087838395855,-279.96728056819006,24500.0,0,Re-entry
341.5,58312.10112555516,-279.97342568139334,24500.0,0,Re-entry
342.0,58172.11144768595,-279.97935573840743,24500.0,0,Re-entry
342.5,58032.11890855549,-279.98507826092657,24500.0,0,Re-entry
343.0,57892.12360830155,-279.990600507878,24500.0,0,Re-entry
343.5,57752.12564355926,-279.99592948458036,24500.0,0,Re-entry
344.0,57612.125107583466,-280.0010719515845,24500.0,0,Re-entry
344.5,57472.122090366865,-280.0060344332072,24500.0,0,Re-entry
345.0,57332.116678753984,-280.01082322576906,24500.0,0,Re-entry
345.5,57192.10895655121,-280.01544440554574,24500.0,0,Re-entry
346.0,57052.09900463299,-280.0199038364435,24500.0,0,Re-entry
346.5,56912.086901044284,-280.02420717740785,24500.0,0,Re-entry
347.0,56772.072721099496,-280.02835988957435,24500.0,0,Re-entry
347.5,56632.05653747791,-280.03236724317156,24500.0,0,Re-entry
348.0,56492.03842031582,-280.03623432418317,24500.0,0,Re-entry
348.5,56352.018437295425,-280.0399660407789,24500.0,0,Re-entry
349.0,56211.99665373066,-280.04356712952136,24500.0,0,Re-entry
349.5,56071.97313264998,-280.0470421613572,24500.0,0,Re-entry
350.0,55938.07038385588,-267.8054975882157,24497.5,600000,Landing Burn
350.5,55810.07968083327,-255.9814060452201,24495.0,600000,Landing Burn
351.0,55687.80829701598,-244.5427676345706,24492.5,600000,Landing Burn
351.5,55571.078095636505,-233.46040275894998,24490.0,600000,Landing Burn
352.0,55459.72428118994,-222.70762889313463,24487.5,600000,Landing Burn
352.5,55353.594291214016,-212.2599799518471,24485.0,600000,Landing Burn
353.0,55252.546810335094,-202.0949617578396,24482.5,600000,Landing Burn
353.5,55156.450891225315,-192.19183821956324,24480.0,600000,Landing Burn
354.0,55065.1851693628,-182.5314437250364,24477.5,600000,Landing Burn
354.5,54978.63716036762,-173.09601799034516,24475.0,600000,Landing Burn
355.0,54896.70263026722,-163.869060200813,24472.5,600000,Landing Burn
355.5,54819.28503037908,-154.83519977627554,24470.0,600000,Landing Burn
356.0,54746.2949896293,-145.98008149956146,24467.5,600000,Landing Burn
356.5,54677.64985808659,-137.29026308541987,24465.0,600000,Landing Burn
357.0,54613.273296312276,-128.75312354862606,24462.5,600000,Landing Burn
357.5,54553.094905829705,-120.35678096514005,24460.0,600000,Landing Burn
358.0,54497.04989662108,-112.09001841724266,24457.5,600000,Landing Burn
358.5,54445.07878808148,-103.94221707919438,24455.0,600000,Landing Burn
359.0,54397.12714031171,-95.90329553953534,24452.5,600000,Landing Burn
359.5,54353.14531302469,-87.96365457405145,24450.0,600000,Landing Burn
360.0,54313.088249683075,-80.11412668323456,24447.5,600000,Landing Burn
360.5,54276.91528478673,-72.34592979268255,24445.0,600000,Landing Burn
361.0,54244.58997249338,-64.65062458670891,24442.5,600000,Landing Burn
361.5,54216.079934990164,-57.02007500642723,24440.0,600000,Landing Burn
362.0,54191.356729242485,-49.446411495362895,24437.5,600000,Landing Burn
362.5,54170.39573093271,-41.92199661955897,24435.0,600000,Landing Burn
363.0,54153.176034569566,-34.439392726286066,24432.5,600000,Landing Burn
363.5,54139.680368901194,-26.991331336748036,24430.0,600000,Landing Burn
364.0,54129.89502690402,-19.570683994342215,24427.5,600000,Landing Burn
364.5,54123.80980974817,-12.1704343116993,24425.0,600000,Landing Burn
365.0,54121.417984259475,-4.783650977390914,24422.5,600000,Landing Burn
365.5,54122.71625351085,2.5965385027465118,24420.0,600000,Landing Burn
366.0,54127.70431752664,9.976128031568155,24417.5,600000,Landing Burn
366.5,54136.37989598302,17.351156912756583,24415.0,600000,Landing Burn
367.0,54148.7372975568,24.714803147570805,24412.5,600000,Landing Burn
367.5,54164.76743578366,32.06027645371963,24410.0,600000,Landing Burn
368.0,54184.45785744649,39.38084332566228,24407.5,600000,Landing Burn
368.5,54207.7927833023,46.66985171162078,24405.0,600000,Landing Burn
369.0,54234.75316085994,53.92075511527724,24402.5,600000,Landing Burn
369.5,54265.31672882854,61.12713593719881,24400.0,600000,Landing Burn
370.0,54299.45809276881,68.28272788053083,24397.5,600000,Landing Burn
370.5,54337.14881139743,75.38143725724268,24395.0,600000,Landing Burn
371.0,54378.35749291992,82.41736304497401,24392.5,600000,Landing Burn
371.5,54423.04990069994,89.384815560049,24390.0,600000,Landing Burn
372.0,54471.18906751454,96.27833362920838,24387.5,600000,Landing Burn
372.5,54522.73541759491,103.09270016073779,24385.0,600000,Landing Burn
373.0,54577.64689561222,109.82295603461625,24382.5,600000,Landing Burn
373.5,54635.879101737584,116.46441225073325,24380.0,600000,Landing Burn
374.0,54697.38543188448,123.01266029379553,24377.5,600000,Landing Burn
374.5,54762.117222230954,129.46358069294013,24375.0,600000,Landing Burn
375.0,54830.02389711745,135.81334977298368,24372.5,600000,Landing Burn
375.5,54901.05311942364,142.0584446123885,24370.0,600000,Landing Burn
376.0,54975.15094254372,148.19564624015976,24367.5,600000,Landing Burn
376.5,55052.261963103614,154.22204111978633,24365.0,600000,Landing Burn
377.0,55132.329473595026,160.13502098281924,24362.5,600000,Landing Burn
377.5,55215.29561413883,165.9322810875996,24360.0,600000,Landing Burn
378.0,55301.10152263378,171.61181698989873,24357.5,600000,Landing Burn
378.5,55389.68748259465,177.1719199217496,24355.0,600000,Landing Burn
379.0,55480.9930680359,182.6111708825005,24352.5,600000,Landing Burn
379.5,55574.95728481196,187.928433552115,24350.0,600000,Landing Burn
380.0,55671.51870788246,193.12284614101355,24347.5,600000,Landing Burn
380.5,55770.61561402914,198.19381229336662,24345.0,600000,Landing Burn
381.0,55872.18610961004,203.1409911617976,24342.5,600000,Landing Burn
381.5,55976.168252995565,207.96428677104623,24340.0,600000,Landing Burn
382.0,56082.50017138877,212.66383678640506,24337.5,600000,Landing Burn
382.5,56191.12017178867,217.24000079981155,24335.0,600000,Landing Burn
383.0,56301.96684590993,221.69334824250262,24332.5,600000,Landing Burn
383.5,56414.97916892406,226.0246460282655,24330.0,600000,Landing Burn
384.0,56530.09659193691,230.2348460256993,24327.5,600000,Landing Burn
384.5,56647.259128162754,234.32507245168406,24325.0,600000,Landing Burn
385.0,56766.40743279854,238.2966092715776,24322.5,600000,Landing Burn
385.5,56887.482876640875,242.1508876846645,24320.0,600000,Landing Burn
386.0,57010.42761352397,245.88947376618552,24317.5,600000,Landing Burn
386.5,57135.18464168897,249.5140563300007,24315.0,600000,Landing Burn
387.0,57261.697859223306,253.02643506868273,24312.5,600000,Landing Burn
387.5,57389.912113733655,256.4285090206946,24310.0,600000,Landing Burn
388.0,57519.77324643733,259.7222654073536,24307.5,600000,Landing Burn
388.5,57651.228130875126,262.9097688755886,24305.0,600000,Landing Burn
389.0,57784.22470646319,265.99315117611764,24302.5,600000,Landing Burn
389.5,57918.712007113514,268.97460130064513,24300.0,600000,Landing Burn
390.0,58054.64018516154,271.8563560960448,24297.5,600000,Landing Burn
390.5,58191.960530845674,274.6406913682678,24295.0,600000,Landing Burn
391.0,58330.62548758763,277.3299134839208,24292.5,600000,Landing Burn
391.5,58470.58866332418,279.9263514730932,24290.0,600000,Landing Burn
392.0,58611.80483814072,282.43234963308333,24287.5,600000,Landing Burn
392.5,58754.22996845531,284.85026062916677,24285.0,600000,Landing Burn
393.0,58897.82118799804,287.1824390854609,24282.5,600000,Landing Burn
393.5,59042.53680582616,289.4312356562492,24280.0,600000,Landing Burn
394.0,59188.336301609066,291.5989915658177,24277.5,600000,Landing Burn
394.5,59335.180318410516,293.6880336029046,24275.0,600000,Landing Burn
395.0,59483.03065318764,295.70066955424926,24272.5,600000,Landing Burn
395.5,59631.85024521785,297.6391840604204,24270.0,600000,Landing Burn
396.0,59781.6031626559,299.50583487608856,24267.5,600000,Landing Burn
396.5,59932.25458741397,301.30284951614686,24265.0,600000,Landing Burn
397.0,60083.770798548256,303.03242226856685,24262.5,600000,Landing Burn
397.5,60236.11915432554,304.69671155456405,24260.0,600000,Landing Burn
398.0,60389.268073133804,306.29783761652806,24257.5,600000,Landing Burn
398.5,60543.18701339091,307.837880514215,24255.0,600000,Landing Burn
399.0,60697.846452595855,309.31887840988765,24252.5,600000,Landing Burn
399.5,60853.217865657556,310.7428261234007,24250.0,600000,Landing Burn
400.0,61009.27370262688,312.11167393864457,24247.5,600000,Landing Burn
400.5,61165.98736594852,313.4273266432657,24245.0,600000,Landing Burn
401.0,61323.3331873406,314.6916427841575,24242.5,600000,Landing Burn
401.5,61481.28640440152,315.9064341218504,24240.0,600000,Landing Burn
402.0,61639.823137035324,317.07346526760693,24237.5,600000,Landing Burn
402.5,61798.920363779194,318.19445348774155,24235.0,600000,Landing Burn
403.0,61958.5558981094,319.27106866041566,24232.5,600000,Landing Burn
403.5,62118.70836479485,320.30493337090957,24230.0,600000,Landing Burn
404.0,62279.357176360914,321.2976231321232,24227.5,600000,Landing Burn
404.5,62440.48250971982,322.2506667178119,24225.0,600000,Landing Burn
405.0,62602.06528301822,323.16554659680617,24222.5,600000,Landing Burn
405.5,62764.08713274682,324.0436994571976,24220.0,600000,Landing Burn
406.0,62926.530391151915,324.88651681018916,24217.5,600000,Landing Burn
406.5,63089.37806398392,325.6953456640038,24215.0,600000,Landing Burn
407.0,63252.61380861338,326.47148925891844,24212.5,600000,Landing Burn
407.5,63416.22191254095,327.21620785513954,24210.0,600000,Landing Burn
408.0,63580.18727232388,327.9307195658585,24207.5,600000,Landing Burn
408.5,63744.49537293809,328.6162012284191,24205.0,600000,Landing Burn
409.0,63909.13226759164,329.27378930709597,24202.5,600000,Landing Burn
409.5,64074.084558002396,329.9045808215211,24200.0,600000,Landing Burn
410.0,64239.33937515005,330.5096342953019,24197.5,600000,Landing Burn
410.5,64404.884360509976,331.08997071985675,24195.0,600000,Landing Burn
411.0,64570.70764777445,331.64657452894375,24192.5,600000,Landing Burn
411.5,64736.79784506434,332.18039457978296,24190.0,600000,Landing Burn
412.0,64903.144017632876,332.69234513706925,24187.5,600000,Landing Burn
412.5,65069.73567106115,333.18330685654297,24185.0,600000,Landing Burn
413.0,65236.56273494371,333.6541277651315,24182.5,600000,Landing Burn
413.5,65403.61554706121,334.105624234995,24180.0,600000,Landing Burn
414.0,65570.88483803577,334.5385819491088,24177.5,600000,Landing Burn
414.5,65738.36171646391,334.9537568562881,24175.0,600000,Landing Burn
415.0,65906.03765452083,335.3518761138179,24172.5,600000,Landing Burn
415.5,66073.90447402887,335.73363901608315,24170.0,600000,Landing Burn
416.0,66241.95433298277,336.0997179078109,24167.5,600000,Landing Burn
416.5,66410.17971252314,336.4507590807345,24165.0,600000,Landing Burn
417.0,66578.57340434947,336.78738365266946,24162.5,600000,Landing Burn
417.5,66747.12849856356,337.1101884281572,24160.0,600000,Landing Burn
418.0,66915.83837193355,337.4197467399829,24157.5,600000,Landing Burn
418.5,67084.69667656906,337.7166092710115,24155.0,600000,Landing Burn
419.0,67253.69732899702,338.0013048559086,24152.5,600000,Landing Burn
419.5,67422.83449962824,338.27434126242633,24150.0,600000,Landing Burn
420.0,67592.10260260425,338.5362059520357,24147.5,600000,Landing Burn
420.5,67761.49628601414,338.7873668197762,24145.0,600000,Landing Burn
421.0,67931.01042247078,339.0282729132774,24142.5,600000,Landing Burn
421.5,68100.64010003627,339.2593551309778,24140.0,600000,Landing Burn
422.0,68270.38061348608,339.4810268996314,24137.5,600000,Landing Burn
422.5,68440.22745590171,339.6936848312516,24135.0,600000,Landing Burn
423.0,68610.17631058155,339.8977093596887,24132.5,600000,Landing Burn
423.5,68780.22304326009,340.0934653570856,24130.0,600000,Landing Burn
424.0,68950.36369462534,340.2813027304914,24127.5,600000,Landing Burn
424.5,69120.59447312482,340.46155699894797,24125.0,600000,Landing Burn
425.0,69290.91174805051,340.63454985139197,24122.5,600000,Landing Burn
425.5,69461.31204289338,340.80058968573934,24120.0,600000,Landing Burn
426.0,69631.79202895815,340.95997212953955,24117.5,600000,Landing Burn
426.5,69802.34851922946,341.1129805426029,24115.0,600000,Landing Burn
427.0,69972.97846248047,341.2598865020184,24112.5,600000,Landing Burn
427.5,70143.67893761546,341.40095026998995,24110.0,600000,Landing Burn
428.0,70314.44714823793,341.536421244926,24107.5,600000,Landing Burn
428.5,70485.28041743604,341.6665383962238,24105.0,600000,Landing Burn
429.0,70656.17618277764,341.79153068319323,24102.5,600000,Landing Burn
429.5,70827.13199150692,341.911617458565,24100.0,600000,Landing Burn
430.0,70998.14549593543,342.0270088570304,24097.5,600000,Landing Burn
430.5,71169.21444902006,342.1379061692559,24095.0,600000,Landing Burn
431.0,71340.33670012097,342.2445022018142,24092.5,600000,Landing Burn
431.5,71511.5101909327,342.346981623469,24090.0,600000,Landing Burn
432.0,71682.73295158183,342.44552129824547,24087.5,600000,Landing Burn
432.5,71854.00309688468,342.54029060571287,24085.0,600000,Landing Burn
433.0,72025.31882275913,342.63145174889837,24082.5,600000,Landing Burn
433.5,72196.67840278425,342.71916005024485,24080.0,600000,Landing Burn
434.0,72368.08018490225,342.8035642360166,24077.5,600000,Landing Burn
434.5,72539.52258825702,342.8848067095488,24075.0,600000,Landing Burn
435.0,72711.00410016389,342.96302381372846,24072.5,600000,Landing Burn
435.5,72882.52327320543,343.0383460830849,24070.0,600000,Landing Burn
436.0,73054.07872244836,343.1108984858587,24067.5,600000,Landing Burn
436.5,73225.66912277657,343.18080065640913,24065.0,600000,Landing Burn
437.0,73397.29320633573,343.2481671183098,24062.5,600000,Landing Burn
437.5,73568.94976008497,343.31310749847364,24060.0,600000,Landing Burn
438.0,73740.63762345129,343.37572673263736,24057.5,600000,Landing Burn
438.5,73912.35568608255,343.43612526252775,24055.0,600000,Landing Burn
439.0,74084.10288569506,343.49439922502046,24052.5,600000,Landing Burn
439.5,74255.87820601185,343.55064063359424,24050.0,600000,Landing Burn
440.0,74427.68067478805,343.604937552373,24047.5,600000,Landing Burn
440.5,74599.50936191957,343.6573742630392,24045.0,600000,Landing Burn
441.0,74771.36337763202,343.7080314248933,24042.5,600000,Landing Burn
441.5,74943.24187074618,343.7569862283237,24040.0,600000,Landing Burn
442.0,75115.14402701714,343.80431254194394,24037.5,600000,Landing Burn
442.5,75287.06906754397,343.85008105364506,24035.0,600000,Landing Burn
443.0,75459.01624724687,343.89435940580165,24032.5,600000,Landing Burn
443.5,75630.9848534093,343.9372123248628,24030.0,600000,Landing Burn
444.0,75802.97420428207,343.9787017455504,24027.5,600000,Landing Burn
444.5,75974.98364774701,344.01888692987933,24025.0,600000,Landing Burn
445.0,76147.01256003762,344.0578245812071,24022.5,600000,Landing Burn
445.5,76319.06034451438,344.09556895351164,24020.0,600000,Landing Burn
446.0,76491.12643049243,344.13217195608945,24017.5,600000,Landing Burn
446.5,76663.21027211935,344.1676832538599,24015.0,600000,Landing Burn
447.0,76835.31134730107,344.2021503634527,24012.5,600000,Landing Burn
447.5,77007.4291566737,344.2356187452507,24010.0,600000,Landing Burn
448.0,77179.56322261947,344.26813189155257,24007.5,600000,Landing Burn
448.5,77351.71308832498,344.2997314110141,24005.0,600000,Landing Burn
449.0,77523.87831687974,344.33045710952075,24002.5,600000,Landing Burn
449.5,77696.05849041356,344.360347067638,24000.0,600000,Landing Burn
450.0,77868.25320927094,344.38943771478034,23997.5,600000,Landing Burn
450.5,78040.46209122107,344.41776390023506,23995.0,600000,Landing Burn
451.0,78212.68477070166,344.4453589611698,23992.5,600000,Landing Burn
451.5,78384.92089809553,344.4722547877503,23990.0,600000,Landing Burn
452.0,78557.17013903828,344.49848188548725,23987.5,600000,Landing Burn
452.5,78729.43217375575,344.52406943492855,23985.0,600000,Landing Burn
453.0,78901.70669643015,344.54904534880677,23982.5,600000,Landing Burn
453.5,79073.99341459353,344.5734363267491,23980.0,600000,Landing Burn
454.0,79246.29204854734,344.5972679076509,23977.5,600000,Landing Burn
454.5,79418.60233080725,344.62056451981147,23975.0,600000,Landing Burn
455.0,79590.92400557171,344.6433495289255,23972.5,600000,Landing Burn
455.5,79763.25682821372,344.66564528402074,23970.0,600000,Landing Burn
456.0,79935.60056479444,344.6874731614281,23967.5,600000,Landing Burn
456.5,80107.95499159787,344.7088536068671,23965.0,600000,Landing Burn
457.0,80280.31989468573,344.72980617572654,23962.5,600000,Landing Burn
457.5,80452.69506947153,344.75034957161625,23960.0,600000,Landing Burn
458.0,80625.08032031317,344.7705016832635,23957.5,600000,Landing Burn
458.5,80797.47546012308,344.79027961982365,23955.0,600000,Landing Burn
459.0,80969.88030999542,344.80969974467297,23952.5,600000,Landing Burn
459.5,81142.29469884929,344.8287777077476,23950.0,600000,Landing Burn
460.0,81314.71846308754,344.84752847649037,23947.5,600000,Landing Burn
460.5,81487.15144627028,344.86596636546517,23945.0,600000,Landing Burn
461.0,81659.59349880263,344.884105064695,23942.5,600000,Landing Burn
461.5,81832.04447763602,344.9019576667788,23940.0,600000,Landing Burn
462.0,82004.50424598245,344.91953669283816,23937.5,600000,Landing Burn
462.5,82176.97267304112,344.9368541173451,23935.0,600000,Landing Burn
463.0,82349.44963373707,344.9539213918775,23932.5,600000,Landing Burn
463.5,82521.93500847099,344.9707494678489,23930.0,600000,Landing Burn
464.0,82694.42868288011,344.9873488182563,23927.5,600000,Landing Burn
464.5,82866.93054760936,345.00372945848744,23925.0,600000,Landing Burn
465.0,83039.44049809247,345.0199009662291,23922.5,600000,Landing Burn
465.5,83211.95843434273,345.03587250051356,23920.0,600000,Landing Burn
466.0,83384.4842607527,345.0516528199412,23917.5,600000,Landing Burn
466.5,83557.01788590275,345.06725030011404,23915.0,600000,Landing Burn
467.0,83729.55922237791,345.08267295031476,23912.5,600000,Landing Burn
467.5,83902.10818659264,345.09792842946246,23910.0,600000,Landing Burn
468.0,84074.66469862332,345.1130240613777,23907.5,600000,Landing Burn
468.5,84247.22868204802,345.1279668493853,23905.0,600000,Landing Burn
469.0,84419.80006379317,345.14276349028427,23902.5,600000,Landing Burn
469.5,84592.37877398703,345.15742038771157,23900.0,600000,Landing Burn
470.0,84764.9647458195,345.1719436649262,23897.5,600000,Landing Burn
470.5,84937.55791540802,345.1863391770382,23895.0,600000,Landing Burn
471.0,85110.15822166938,345.200612522707,23892.5,600000,Landing Burn
471.5,85282.76560619705,345.21476905533154,23890.0,600000,Landing Burn
472.0,85455.38001314392,345.2288138937546,23887.5,600000,Landing Burn
472.5,85628.00138911017,345.2427519325014,23885.0,600000,Landing Burn
473.0,85800.62968303595,345.256587851574,23882.5,600000,Landing Burn
473.5,85973.26484609886,345.27032612581945,23880.0,600000,Landing Burn
474.0,86145.90683161581,345.28397103389045,23877.5,600000,Landing Burn
474.5,86318.55559494921,345.29752666681674,23875.0,600000,Landing Burn
475.0,86491.21109341731,345.3109969362031,23872.5,600000,Landing Burn
475.5,86663.87328620834,345.32438558207093,23870.0,600000,Landing Burn
476.0,86836.54213429852,345.3376961803584,23867.5,600000,Landing Burn
476.5,87009.21760037357,345.350932150094,23865.0,600000,Landing Burn
477.0,87181.8996487537,345.36409676025795,23862.5,600000,Landing Burn
477.5,87354.58824532187,345.3771931363444,23860.0,600000,Landing Burn
478.0,87527.28335745519,345.390224266638,23857.5,600000,Landing Burn
478.5,87699.9849539593,345.40319300821693,23855.0,600000,Landing Burn
479.0,87872.69300500564,345.41610209269436,23852.5,600000,Landing Burn
479.5,88045.40748207149,345.42895413170936,23850.0,600000,Landing Burn
480.0,88218.12835788258,345.4417516221787,23847.5,600000,Landing Burn
480.5,88390.85560635824,345.45449695131936,23845.0,600000,Landing Burn
481.0,88563.58920255896,345.4671924014523,23842.5,600000,Landing Burn
481.5,88736.32912263625,345.47984015459616,23840.0,600000,Landing Burn
482.0,88909.07534378467,345.492442296861,23837.5,600000,Landing Burn
482.5,89081.827844196,345.5050008226499,23835.0,600000,Landing Burn
483.0,89254.58660301534,345.51751763867736,23832.5,600000,Landing Burn
483.5,89427.35160029924,345.52999456781237,23830.0,600000,Landing Burn
484.0,89600.12281697562,345.5424333527531,23827.5,600000,Landing Burn
484.5,89772.90023480539,345.5548356595418,23825.0,600000,Landing Burn
485.0,89945.68383634585,345.56720308092565,23822.5,600000,Landing Burn
485.5,90118.47360491563,345.57953713957096,23820.0,600000,Landing Burn
486.0,90291.2695245612,345.59183929113686,23817.5,600000,Landing Burn
486.5,90464.0715800248,345.6041109272147,23815.0,600000,Landing Burn
487.0,90636.87975671387,345.61635337813885,23812.5,600000,Landing Burn
487.5,90809.6940406717,345.62856791567464,23810.0,600000,Landing Burn
488.0,90982.5144185495,345.6407557555888,23807.5,600000,Landing Burn
488.5,91155.34087757955,345.6529180601076,23805.0,600000,Landing Burn
489.0,91328.17340554969,345.6650559402668,23802.5,600000,Landing Burn
489.5,91501.01199077877,345.6771704581599,23800.0,600000,Landing Burn
490.0,91673.85662209331,345.68926262908684,23797.5,600000,Landing Burn
490.5,91846.70728880512,345.7013334236096,23795.0,600000,Landing Burn
491.0,92019.56398068988,345.71338376951707,23792.5,600000,Landing Burn
491.5,92192.42668796674,345.72541455370447,23790.0,600000,Landing Burn
492.0,92365.29540127872,345.73742662397007,23787.5,600000,Landing Burn
492.5,92538.17011167409,345.7494207907335,23785.0,600000,Landing Burn
493.0,92711.05081058842,345.7613978286786,23782.5,600000,Landing Burn
493.5,92883.93748982759,345.77335847832427,23780.0,600000,Landing Burn
494.0,93056.83014155136,345.78530344752687,23777.5,600000,Landing Burn
494.5,93229.72875825781,345.7972334129161,23775.0,600000,Landing Burn
495.0,93402.63333276846,345.80914902126875,23772.5,600000,Landing Burn
495.5,93575.54385821386,345.8210508908214,23770.0,600000,Landing Burn
496.0,93748.46032802013,345.83293961252633,23767.5,600000,Landing Burn
496.5,93921.38273589575,345.8448157512517,23765.0,600000,Landing Burn
497.0,94094.31107581922,345.85667984692964,23762.5,600000,Landing Burn
497.5,94267.24534202705,345.86853241565353,23760.0,600000,Landing Burn
498.0,94440.18552900241,345.8803739507275,23757.5,600000,Landing Burn
498.5,94613.13163146425,345.8922049236697,23755.0,600000,Landing Burn
499.0,94786.08364435683,345.9040257851713,23752.5,600000,Landing Burn
499.5,94959.04156283983,345.91583696601407,23750.0,600000,Landing Burn
500.0,95132.0053822788,345.92763887794695,23747.5,600000,Landing Burn
